{
    "train_level":{
        "001":{
            "1":{
                "parole":".أحسنت بوصولك إلى هنا، لست سيئا بالنسبة لشخص أحمق",
                "character":"train rider",
                "flipped":false,
                "speed":1.0,
                "expresstion":"normal"
            },
            "2":{
                "parole":"أين هذا الوجه الطائر؟",
                "character":"abd errahman",
                "flipped":true,
                "speed":1.0,
                "expresstion":"afraid"
            },
            "3":{
                "parole":"و ماذا ستفعل لو وجدت رئيسي؟",
                "character":"train rider",
                "flipped":false,
                "speed":1.0,
                "expresstion":"normal"
            },
            "4":{
                "parole":"سوف أجلده جلدا",
                "character":"abd errahman",
                "flipped":true,
                "speed":1.0,
                "expresstion":"angry"
            },
            "5":{
                "parole":"بدل لباسك السخيف ثم فكر في مواجهت سيدي يا أيه المغفل",
                "character":"train rider",
                "flipped":false,
                "speed":1.0,
                "expresstion":"normal"
            },
            "6":{
                "parole":"على الأقل قل لي ماهو الهدف من إنطلاق هذا القطار؟",
                "character":"abd errahman",
                "flipped":true,
                "speed":1.0,
                "expresstion":"angry"
            },
            "7":{
                "parole":"هذا القطار محمل بالأسلحة لتسليح جيشنا للسيطرة على العالم.ههههههههههه",
                "character":"train rider",
                "flipped":false,
                "speed":1.0,
                "expresstion":"normal"
            },
            "8":{
                "parole":"يا مجانين!!",
                "character":"abd errahman",
                "flipped":true,
                "speed":2.0,
                "expresstion":"shocked"
            },
            "9":{
                "parole":"!!تعال سوف أقتلك",
                "character":"abd errahman",
                "flipped":true,
                "speed":2.0,
                "expresstion":"very angry"
            },
            "10":{
                "parole":"إحلف",
                "character":"train rider",
                "flipped":false,
                "speed":2.0,
                "expresstion":"normal"
            }
        },
        "002":{
            "1":{
                "parole":"لا أحد يتجرأ على أتباعي و يعيش$$ >:(",
                "character":"demon face",
                "flipped":true,
                "speed":1.5,
                "expresstion":"normal"
            },
            "2":{
                "parole":"آآآآآآآآآآآآآآآآآآآآعععععععععععععع$$!!!!",
                "character":"abd errahman",
                "flipped":false,
                "speed":1.5,
                "expresstion":"shocked"
            }
        }
    }
}