{
    "إملأ الفراغ مخي فارغ من الأفكار":{
        "en":"fill the blanks my brain is empty",
        "ar":"إملأ الفراغ مخي فارغ من الأفكار",
        "fr":"remplissez le vide mon serveaux est vide",
        "de":"Fülle die Lücken, mein Gehirn ist leer"
    },
    "train rider":{
        "en":"train rider",
        "ar":"سائق القطار",
        "fr":"conducteur du train",
        "de":"Zugfährer"
    },
    "abd errahman":{
        "en":"abd errahman",
        "ar":"عبد الرحمان",
        "fr":"abd errahman",
        "de":"abd errahmän"
    },
    "demon face":{
        "en":"demon face",
        "ar":"وجه الشر",
        "fr":"Visage de Démon",
        "de":"Dämon Gesischt"
    },
    "آآآآآآآآآآآآآآآآآآآآعععععععععععععع":{
        "en":"AAAAAAAAAAAAAAAAAAAAAAAAAAAAAAAAAAAAAAAA",
        "ar":"آآآآآآآآآآآآآآآآآآآآعععععععععععععع",
        "fr":"AAAAAAAAAAAAAAAAAAAAAAAAAAAAAAAAAAAAAAAA",
        "de":"AAAAAAAAAAAAAAAAAAAAAAAAAAAAAAAAAAAAAAAA"
    },
    "لا أحد يتجرأ على أتباعي و يعيش":{
        "en":"No one challenges me and lives",
        "ar":"لا أحد يتجرأ على أتباعي و يعيش",
        "fr":"Ni person challenge moi et vie",
        "de":"Auch fordert mich und das Leben niemand heraus"
    },
    "خسرت يا خراء!":{
        "en":"You lost you piece of SHIT!",
        "ar":"خسرت يا خراء!",
        "fr":"Tu as perdu , Oh piéce de Crotte",
        "de":"Du hast verloren , Schweiβe!"
    },
    "أين هذا الوجه الطائر؟":{
        "ar" :"أين هذا الوجه الطائر؟",
        "en":"Whers is that flying face?",
        "fr":"Où est_il ce volant visage?",
        "de":"Wo ist dieses fliegende Gesicht?"
    },
    ".أحسنت بوصولك إلى هنا، لست سيئا بالنسبة لشخص أحمق":{
        "ar" :".أحسنت بوصولك إلى هنا، لست سيئا بالنسبة لشخص أحمق",
        "en":"Good job by arriving here, not bad for a dump guy.",
        "fr":"Bravo d'être arrivé, n'est pas mal pour un idiot person.",
        "de":"Gut gemacht, dass du hierher gekommen bist. Du bist kein schlechter Idiot."
    },
    "و ماذا ستفعل لو وجدت رئيسي؟":{
        "ar" :"و ماذا ستفعل لو وجدت رئيسي؟",
        "en":"And what will you do if you find him",
        "fr":"Et que'est_ce_que tu fera si tu trouve lui? ",
        "de":"Was würden Sie tun, wenn Sie meinen Chef finden würden?"
    },
    "سوف أجلده جلدا":{
        "ar" :"سوف أجلده جلدا",
        "en":"I will kick his butt , I remembred he doesn't have one.",
        "fr":"je le battera trés durement.",
        "de":"Ich werde ihn hart schlagen."
    },
    "بدل لباسك السخيف ثم فكر في مواجهت سيدي يا أيه المغفل":{
        "ar" :"بدل لباسك السخيف ثم فكر في مواجهت سيدي يا أيه المغفل",
        "en":"Change your rediculus outfit then thing about \"facing\" him , you idiot",
        "fr":"change tes reduculeux habits, puis pence à affranter lui ,Oh idiot",
        "de":"Wechsel dein albernes Kleid und denk dann darüber nach dich meinem Meister zu stellen, du Idiot.“"
    },
    "على الأقل قل لي ماهو الهدف من إنطلاق هذا القطار؟":{
        "ar" :"على الأقل قل لي ماهو الهدف من إنطلاق هذا القطار؟",
        "en":"At least tell me what is the goal of this train starting.",
        "fr":"au mois, dit moi qu'est_ce_que le but de partir de ce train.",
        "de":"Sagen Sie mir zumindest, was der Zweck dieses Zuges ist."
    },
    "هذا القطار محمل بالأسلحة لتسليح جيشنا للسيطرة على العالم.ههههههههههه":{
        "ar" :"هذا القطار محمل بالأسلحة لتسليح جيشنا للسيطرة على العالم.ههههههههههه",
        "en":"This trian carry stacks of weapens for our army for concest this world , hahahahahahaha",
        "fr":"Ce train est chargé d'armes pour armer notre armée afin de conquérir le monde. Hahahaha",
        "de":"Dieser Zug ist mit Waffen beladen, um unsere Armee für die Eroberung der Welt zu wappnen. Hahahaha"
    },
    "يا مجانين!!":{
        "ar" :"يا مجانين!!",
        "en":"You mads!!",
        "fr":"Oh fous",
        "de":"Ihr Verrückten!"
    },
    "!!تعال سوف أقتلك":{
        "ar" :"!!تعال سوف أقتلك",
        "en":"Come! I will kill you!",
        "fr":"Vient! Je te tuera!",
        "de":"Komm schon! ich bringe dich um!"
    },
    "إحلف":{
        "ar" :"إحلف",
        "en":"Swear",
        "fr":"Jurer",
        "de":"Schwöre"
    },
    "جد حلا لحياتك":{
        "ar" :"جد حلا لحياتك",
        "en":"find a solution for your life",
        "fr":"Trouvez une soludion pour votre vie",
        "de":"Finden Sie eine Lösung für Ihr Leben."
    },
    "إن شاء الله\nالمرة القادمة":{
        "ar" :"إن شاء الله\nالمرة القادمة",
        "en":"InshAllah\nthe next time.",
        "fr":"InshAllah\nle foie prochaine.",
        "de":"InshAllah\nnächstes Mal."
    },
    "مجهود طيب":{
        "ar" :"مجهود طيب",
        "en":"good efford",
        "fr":"bien effort",
        "de":"Guter Versuch"
    },
    "عمل جيد واصل":{
        "ar" :"عمل جيد واصل",
        "en":"Good job, keep it up.",
        "fr":"Bravo, continue comme ça",
        "de":"Gute Arbeit, weiter so."
    },
    "ماذا?!":{
        "ar" :"ماذا?!",
        "en":"Wut?!",
        "fr":"Qui?!",
        "de":"Was?!"
    }

    
}